wisejustin;26;2022-04-28
eburns;4;2022-04-24
eddie67;54;2022-03-31
kirbyjonathan;46;2022-02-01
michaelbennett;83;2022-09-08
torreswayne;27;2022-08-26
rcohen;88;2022-05-12
kevin45;100;2022-01-16
vincentgomez;90;2022-05-12
rsloan;75;2022-09-08
andrew80;57;2021-12-25
patrick32;56;2022-10-12
pjackson;2;2021-11-25
carlsonallison;37;2022-04-11
lmeyer;69;2022-10-16
jonathan37;70;2022-01-16
davidbarrera;42;2022-05-13
hwolfe;47;2022-10-21
brianthompson;78;2022-04-20
sean47;15;2021-12-01
christopheraguirre;63;2022-06-02
carpenterlisa;12;2021-11-26
wilsonlinda;79;2022-09-21
pwheeler;63;2021-12-06
samuelgalloway;12;2022-07-27
brownjeffery;78;2022-05-14
adamspaul;48;2022-09-05
harrisvirginia;5;2022-05-21
michael10;56;2022-05-28
poncealexis;61;2022-10-24
katie52;23;2022-05-23
jordan89;2;2022-07-03
tracy47;81;2022-05-11
murphycody;41;2022-02-25
iandrews;76;2021-11-26
marywade;43;2022-05-14
debrafisher;78;2022-02-06
jon24;65;2021-12-05
joseph16;23;2021-12-29
glin;60;2022-08-16
bterrell;48;2022-05-18
alexishunt;7;2022-09-25
lsmith;8;2022-08-21
harperjoseph;39;2022-11-01
travismarshall;64;2022-06-17
vasquezmark;22;2022-04-17
cabrerajessica;25;2022-04-29
megan99;56;2021-12-09
sbrewer;51;2021-11-23
paynemallory;92;2022-09-19
hnichols;43;2022-07-02
samantha36;34;2021-12-18
tina14;1;2022-04-14
debragordon;64;2022-08-19
chambersdavid;93;2022-11-03
guygardner;65;2022-06-26
angela95;67;2022-01-13
castilloemily;37;2022-11-18
penny20;54;2022-03-01
sean02;73;2022-01-21
jaredwalsh;62;2022-04-16
francisbryan;8;2022-09-23
amber08;45;2022-01-26
jennifervang;33;2022-05-31
mhernandez;15;2022-04-30
snowstephen;14;2022-10-14
briggsjoshua;85;2022-03-13
hallrobert;39;2022-08-21
john11;73;2022-04-03
jason16;36;2022-05-27
vbartlett;24;2021-12-04
parkerderek;84;2022-06-18
ochavez;98;2022-09-19
adammunoz;63;2022-10-05
xjones;59;2022-02-03
jamescarroll;46;2022-04-26
josephlucero;79;2022-03-30
jeffreycastro;76;2022-01-23
larrywatson;100;2022-08-21
tracycruz;51;2022-08-07
fuentesdavid;94;2022-07-20
erika55;86;2022-01-10
mercerjulia;94;2022-06-12
juarezwilliam;65;2022-05-30
rosariomatthew;32;2022-10-16
blowe;39;2022-05-23
taguilar;41;2022-07-31
ofrank;4;2022-07-11
joshuamarks;49;2022-05-27
ashleysilva;89;2022-05-04
parsonsjennifer;16;2022-09-03
lancedaugherty;34;2022-07-16
john21;2;2022-04-21
feliciataylor;53;2022-03-08
kpowell;94;2022-04-10
seanbaxter;77;2022-07-30
pmanning;94;2022-08-01
mandymacdonald;48;2022-03-14
samuel62;75;2022-03-30
charlescollins;58;2022-03-01
