admin;admin;admin
odomkathy;H!35SYBr$7PI;user
rowlandjames;*b*Qaaug*m1Q;user
connorbush;b3h+^lFqb_uO;user
jasminewilcox;^PrEAzAozY24;user
greenlauren;_3Fsi^^NOLP0;user
jordanmichael;c)DSBMVwr44d;user
dennis08;U%s2InKZx+m7;user
martinedward;n&Bnfuc4KW6b;user
caseychad;p9vS0Xgg@u(M;user
christopherbrown;mXE!G3vu*(5Q;user
mmcclure;%*G%cL7y9N&q;user
thall;#u0CyTdn%x61;user
jamie01;*ocAs+iC&38b;user
frances20;%%2IZ#4ob)6M;user
olee;o1#^s#nX(P3B;user
hmoody;iq))glL3%5Ud;user
gabrielmoss;9lc2yETf7X%S;user
sherri52;!USJAv#K%2%E;user
ericwalker;S$$tMizgLo7#;user
zwhite;Ht(+H)ExOsK4;user
hannah21;1ffKANveZz(0;user
vpena;g+Vty5^*cI3P;user
lwest;#!77UgGtL*aU;user
tannerelliott;I!^2mF3NPo21;user
jaimerojas;+%Nvq!oZ0o3N;user
carrollanne;^iVe^Xerv6QS;user
carolholder;9Y+A2dP5)r^P;user
mlowe;*S8Tm06b50%L;user
zpayne;)7!nwiNPO%Rk;user
phudson;Fb%1enMh%u!X;user
glendadavis;H#NAPaNb_ah0;user
barnescourtney;XfbyF2EsTt!H;user
davidhale;LQHJqo$+$pY3;user
matthew46;*ADnhfl*v6CM;user
steven17;lg3C!)Bm(_vq;user
ericgarcia;nZGO9Jtib)9y;user
rachel34;&8Gk48DrrRYG;user
maciassteven;6Bp8Xr(JmPC$;user
dwayne87;s^+$Viz0a+M2;user
williamscraig;dqPq7F#RR%Yh;user
littlesusan;4FXE76Vu%&MP;user
kathleencox;w9U1iZ5z_gAv;user
ellisrhonda;NQaMf)palo9+;user
amanda12;*NuTymo+X4!3;user
andersonsarah;OrgGxcHT1)p$;user
ebarber;$uwwIKue)Vm3;user
dwilkerson;f%+qF7TfX_Ub;user
heathershaw;BC+BQe7T$3FH;user
andrehughes;_TArK^nw843Y;user
charles53;0g)Oc^TJ$KX6;user
courtneyporter;K2Lqb8wb(33S;user
fergusonkaren;6#(LA4jmjP!3;user
dakota44;CLq+ap&$%2tH;user
hilldavid;Uv6IO8MlCG!2;user
elizabeth23;2MiOwAiTv!22;user
hurleydaniel;(2ucCSwNSP9Q;user
lwolfe;WE_zJVjzBMy0;user
jessica29;E43T@trZR)Y!;user
goodmanjesus;_p7f+POvG&)0;user
kmitchell;#t8A&lgre6kf;user
dennislogan;8N$WYln^#J9E;user
snelson;hA9qCu1a*@S8;user
ograham;@1c%_DOu*Bv3;user
fowlereric;W(!QIukde@U3;user
sherrybrennan;Sa5GhHg0h&59;user
michaellittle;+qj6LKg)zHH+;user
crystal05;B@Vfg6sFD5n);user
christophergarcia;E@HCbNVjv!83;user
wmartinez;&uT4PFFfw!G^;user
martinezmichael;U&+InWAiXS3L;user
gregorymontgomery;*s7Zsqv1mBI@;user
aaronwilliams;V1E(z4!aZuxc;user
olivia99;k^8gSuI6i!!I;user
luisgraham;_cy48Ms*lQLr;user
lyonsstephanie;1@5!dL+0+H#B;user
valerie31;CZc__VPx(0MB;user
regina42;RK*(c4Xg&Ca(;user
torresaaron;_xNeyidL0K6z;user
katelyn45;I!9G%km4rww*;user
donnamullen;q4p!mrlXPEKQ;user
ntorres;0tyIB^yA+WRP;user
mathewsanchez;Q$ALL3Ee5os9;user
fleon;5(jJKk*Z*Gde;user
rodriguezkenneth;$5OnoKv8xerV;user
deborah55;0zF3qO2g^l3C;user
brent86;Kv8fMHWkSG_9;user
sextonadam;@hIWXJb_VR1G;user
ysmith;@VG9YwxFKm&6;user
erin09;$g1DW8mvU!(B;user
richardchapman;V6)*61HegfC7;user
willisdonald;Bj5LfCCw^)^O;user
cindy06;m$)63EeAr4n7;user
rodriguezshane;(gMNsll(3G@6;user
ryanwhite;rYP(m8*x4$*3;user
andersoncarolyn;$egZF#7kq9Ml;user
martineznicholas;5CAvHgIv)1#y;user
kmoore;8%23wf!usgN8;user
kathleen74;+n4rKisG7kE*;user
stephen36;8OG&HpHe#n3#;user
